stat,mean,sd
accuracy,92.4826388888889,4.20039162282178
negative,3.92361111111111,3.27206702883921
positive,3.35069444444444,3.13424880577552
probability,92.1892222222222,2.24312293666678
