stat,mean,sd
accuracy,89.0704314720812,4.95741155011037
negative,5.98032994923858,4.03970371940543
positive,4.9492385786802,3.69396390280668
probability,89.5816243654822,2.41423465732471
